{
  "title": "RAMS - the Regional Atmospheric Modeling System",
  "description": "RAMS - the Regional Atmospheric Modeling System",
  "creators": [
      {
         "affiliation": "Colorado State University", 
         "name": "van den Heever, Susan C.",
         "orcid": "0000-0001-9843-3864"
       }, 
       {
         "affiliation": "Colorado State University", 
         "name": "Saleeby, Stephen M.",
         "orcid":"0000-0001-8708-008X"
       }, 
       {
         "affiliation": "Colorado State University", 
         "name": "Grant, Leah D.",
         "orcid": "0000-0002-3510-2141"
       }, 
       {
         "affiliation": "University of California, Davis", 
         "name": "Igel, Adele L.",
         "orcid": "0000-0002-4845-594X"
       }, 
       {
         "affiliation": "Colorado State University", 
         "name": "Freeman, Sean W.",
         "orcid": "0000-0002-7398-1597"
       }
 
  ],
  "license": "GPL-2.0",
  "keywords": ["cloud modeling"],
  "access_right": "open",
  "upload_type": "software"
}